{
    "vertices":[-17,12,17,-17,15,17,-17,12,-17,-17,15,-17,17,12,17,17,15,17,17,12,-17,17,15,-17],
    "metadata":{
        "vertices":8,
        "faces":6,
        "type":"Geometry",
        "normals":6,
        "materials":0,
        "version":3,
        "generator":"io_three",
        "uvs":1
    },
    "materials":[],
    "faces":[43,0,1,3,2,0,0,1,2,3,0,0,0,0,43,2,3,7,6,0,4,5,6,7,1,1,1,1,43,6,7,5,4,0,3,2,1,0,2,2,2,2,43,1,0,4,5,0,10,11,8,9,3,3,3,3,43,4,0,2,6,0,14,15,12,13,4,4,4,4,43,7,3,1,5,0,13,12,15,14,5,5,5,5],
    "normals":[-1,0,0,-0,0,-1,1,0,0,0,0,1,0,-1,-0,0,1,0],
    "uvs":[[0.507236,0.906945,0.539423,0.946142,0.983658,0.58136,0.951471,0.542162,0.375897,0.818339,0.439425,0.818339,0.439425,0.07718,0.375897,0.07718,0.375896,0.07718,0.439424,0.07718,0.439424,0.818339,0.375896,0.818339,0.479264,0.990023,0.479264,0.528603,0.017845,0.528603,0.017845,0.990023]]
}