{
    "materials":[{
        "DbgIndex":0,
        "DbgColor":15658734,
        "blending":"NormalBlending",
        "mapDiffuseWrap":["repeat","repeat"],
        "colorDiffuse":[0.64,0.64,0.64],
        "visible":true,
        "depthTest":true,
        "wireframe":false,
        "mapDiffuseAnisotropy":1,
        "transparent":false,
        "shading":"phong",
        "DbgName":"top",
        "colorSpecular":[0.5,0.5,0.5],
        "specularCoef":50,
        "mapDiffuseRepeat":[1,1],
        "doubleSided":false,
        "depthWrite":true,
        "colorEmissive":[0,0,0],
        "opacity":1,
        "mapDiffuse":"topjpg.jpg"
    }],
    "uvs":[[0.428635,0.114207,0.428635,0.732867,0.542599,0.732867,0.542599,0.114207,0.459788,0.232088,0.459788,0.661713,0.606765,0.661713,0.606765,0.232088,0.459788,0.232088,0.312811,0.661713,0.312811,0.232088,0.459788,0.529583,0.606765,0.529583,0.606765,0.450441,0.459788,0.450441,0.312811,0.529583,0.312811,0.450441,0.606765,0.232088,0.312811,0.232088]],
    "metadata":{
        "materials":1,
        "uvs":1,
        "faces":10,
        "type":"Geometry",
        "generator":"io_three",
        "version":3,
        "normals":7,
        "vertices":12
    },
    "vertices":[-6.5,4,-2.25,-6.5,23,-2.25,-6.5,4,-5.75,-6.5,23,-5.75,6.5,4,-2.25,6.5,23,-2.25,6.5,4,-5.75,6.5,23,-5.75,-1.78814e-07,4,-5.75,-1.78814e-07,23,-5.75,-1.78814e-07,4,-2.25,-1.78814e-07,23,-2.25],
    "normals":[-1,0,0,0,-5.01934e-08,-1,1,0,0,0,5.01934e-08,1,0,-1,-0,0,1,0,0,-1,0],
    "faces":[43,0,1,3,2,0,0,1,2,3,0,0,0,0,43,8,9,7,6,0,4,5,6,7,1,1,1,1,43,6,7,5,4,0,3,2,1,0,2,2,2,2,43,1,0,10,11,0,9,10,8,5,3,3,3,3,43,8,6,4,10,0,11,12,13,14,4,4,4,4,43,9,3,1,11,0,11,15,16,14,5,5,5,5,43,7,9,11,5,0,12,11,14,13,5,5,5,5,43,10,0,2,8,0,14,16,15,11,6,6,6,6,43,4,5,11,10,0,17,6,5,8,3,3,3,3,43,2,3,9,8,0,18,9,5,4,1,1,1,1]
}