{
    "materials":[],
    "uvs":[],
    "metadata":{
        "materials":0,
        "uvs":0,
        "faces":47,
        "type":"Geometry",
        "generator":"io_three",
        "version":3,
        "normals":22,
        "vertices":72
    },
    "vertices":[-2.24267,13.5,-1.25,-2.19958,13.5,-0.812478,-2.07196,13.5,-0.391769,-1.86471,13.5,-0.00404119,-1.58581,13.5,0.335805,-1.24596,13.5,0.61471,-0.858232,13.5,0.821955,-0.437523,13.5,0.949575,2.53917e-07,13.5,0.992667,0.437523,13.5,0.949575,0.858232,13.5,0.821954,1.24596,13.5,0.614709,1.58581,13.5,0.335804,1.86471,13.5,-0.00404239,2.07196,13.5,-0.39177,2.19958,13.5,-0.81248,2.24267,13.5,-1.25,-2.24267,12.4652,-1.25,-2.19958,12.4652,-0.812478,-2.07196,12.4652,-0.391769,-1.86471,12.4652,-0.00404119,-1.58581,12.4652,0.335805,-1.24596,12.4652,0.61471,-0.858232,12.4652,0.821955,-0.437523,12.4652,0.949575,2.53917e-07,12.4652,0.992667,0.437523,12.4652,0.949575,0.858232,12.4652,0.821954,1.24596,12.4652,0.614709,1.58581,12.4652,0.335804,1.86471,12.4652,-0.00404239,2.07196,12.4652,-0.39177,2.19958,12.4652,-0.81248,2.24267,12.4652,-1.25,-2.19958,13.5,-0.812478,-2.24267,13.5,-1.25,-2.24267,13.5,-1.25,-2.07196,13.5,-0.391769,-1.86471,13.5,-0.00404119,-1.58581,13.5,0.335805,-1.24596,13.5,0.61471,-0.858232,13.5,0.821955,-0.437523,13.5,0.949575,2.53917e-07,13.5,0.992667,0.437523,13.5,0.949575,0.858232,13.5,0.821954,1.24596,13.5,0.614709,1.58581,13.5,0.335804,1.86471,13.5,-0.00404239,2.07196,13.5,-0.39177,2.19958,13.5,-0.81248,2.24267,13.5,-1.25,2.24267,13.5,-1.25,-2.19958,12.4652,-0.812478,-2.24267,12.4652,-1.25,-2.24267,12.4652,-1.25,-2.07196,12.4652,-0.391769,-1.86471,12.4652,-0.00404119,-1.58581,12.4652,0.335805,-1.24596,12.4652,0.61471,-0.858232,12.4652,0.821955,-0.437523,12.4652,0.949575,2.53917e-07,12.4652,0.992667,0.437523,12.4652,0.949575,0.858232,12.4652,0.821954,1.24596,12.4652,0.614709,1.58581,12.4652,0.335804,1.86471,12.4652,-0.00404239,2.07196,12.4652,-0.39177,2.19958,12.4652,-0.81248,2.24267,12.4652,-1.25,2.24267,12.4652,-1.25],
    "normals":[0,1,0,0,0.999969,0,0,-1,0,0,-0.999969,0,-0.980773,0,0.195074,-0.995178,0,0.0979949,-0.923856,0,0.382672,-0.831446,0,0.555559,-0.707083,0,0.707083,-0.555559,0,0.831446,-0.382672,0,0.923856,-0.195074,0,0.980773,0,0,1,0.195074,0,0.980773,0.382672,0,0.923856,0.555559,0,0.831446,0.707083,0,0.707083,0.831446,0,0.555559,0.923856,0,0.382672,0.980773,0,0.195074,0.995178,0,0.0979949,0,0,-1],
    "faces":[34,35,34,37,0,0,0,0,34,37,38,39,0,0,1,0,34,39,40,41,0,0,0,0,34,41,42,43,0,0,0,1,34,43,44,45,0,1,1,1,34,45,46,47,0,1,0,0,34,47,48,49,0,0,1,1,34,49,50,51,0,1,1,0,34,51,35,37,0,0,0,0,34,37,39,41,0,0,0,0,34,41,43,45,0,0,1,1,34,45,47,49,0,1,0,1,34,49,51,37,0,1,0,0,34,37,41,45,0,0,0,1,34,37,45,49,0,0,1,1,34,56,53,54,0,2,2,2,34,54,70,69,0,2,2,2,34,69,68,67,0,2,3,3,34,67,66,65,0,3,2,2,34,65,64,63,0,2,3,3,34,63,62,61,0,3,2,2,34,61,60,59,0,2,2,2,34,59,58,57,0,2,2,3,34,57,56,54,0,3,2,2,34,54,69,67,0,2,2,3,34,67,65,63,0,3,2,3,34,63,61,59,0,3,2,2,34,59,57,54,0,2,3,2,34,54,67,63,0,2,3,3,34,54,63,59,0,2,3,2,35,1,36,55,18,0,4,5,5,4,35,2,1,18,19,0,6,4,4,6,35,3,2,19,20,0,7,6,6,7,35,4,3,20,21,0,8,7,7,8,35,5,4,21,22,0,9,8,8,9,35,6,5,22,23,0,10,9,9,10,35,7,6,23,24,0,11,10,10,11,35,8,7,24,25,0,12,11,11,12,35,9,8,25,26,0,13,12,12,13,35,10,9,26,27,0,14,13,13,14,35,11,10,27,28,0,15,14,14,15,35,12,11,28,29,0,16,15,15,16,35,13,12,29,30,0,17,16,16,17,35,14,13,30,31,0,18,17,17,18,35,15,14,31,32,0,19,18,18,19,35,52,15,32,71,0,20,19,19,20,35,0,16,33,17,0,21,21,21,21]
}