{
    "materials":[{
        "DbgIndex":0,
        "DbgColor":15658734,
        "blending":"NormalBlending",
        "mapDiffuseWrap":["repeat","repeat"],
        "colorDiffuse":[0.64,0.64,0.64],
        "visible":true,
        "depthTest":true,
        "wireframe":false,
        "mapDiffuseAnisotropy":1,
        "transparent":false,
        "shading":"phong",
        "DbgName":"top",
        "colorSpecular":[0.5,0.5,0.5],
        "specularCoef":50,
        "mapDiffuseRepeat":[1,1],
        "doubleSided":false,
        "depthWrite":true,
        "colorEmissive":[0,0,0],
        "opacity":1,
        "mapDiffuse":"topjpg.jpg"
    }],
    "uvs":[[0,0,0.350997,0.613403,0.812564,0.613403,0.852405,0.648554,0.311156,0.648554,0.236686,0.763762,0.236686,0.153242,0.687727,0.153242,0.687727,0.763762,0.269887,0.74514,0.654526,0.74514,0.654526,0.153242,0.269887,0.153242,0.230121,0.757438,0.230121,0.146918,0.266887,0.146918,0.266887,0.757438,0.870953,0.63015,0.602726,0.391383,0.602726,0.35409,0.606011,0.351839,0.918178,0.627173,0.918754,0.627754,0.919144,0.628313,0.919331,0.628827,0.91931,0.629278,0.91908,0.629649,0.918651,0.629924,0.918038,0.630093,0.917267,0.63015,0.3345,0.63015,0.288186,0.63015,0.287414,0.630093,0.286802,0.629924,0.286373,0.629649,0.286143,0.629278,0.286122,0.628827,0.286309,0.628313,0.286699,0.627754,0.287275,0.627173,0.599441,0.351839,0.602726,0.35409,0.434338,0.649156,0.707194,0.775645,0.707193,0.165125,0.434338,0.165125,0.356256,0.757438,0.31949,0.757438,0.31949,0.146918,0.356256,0.146918,0.602726,0.352915,0.918758,0.627754,0.919159,0.628312,0.919365,0.628827,0.919369,0.629278,0.91917,0.629649,0.918776,0.629924,0.918202,0.630093,0.91747,0.63015,0.873351,0.63015,0.332102,0.63015,0.287983,0.63015,0.287251,0.630093,0.286677,0.629924,0.286283,0.629649,0.286084,0.629278,0.286088,0.628827,0.286294,0.628313,0.286695,0.627754,0.602726,0.352915,0.707096,0.623014,0.707096,0.138982,0.43424,0.138982,0.43424,0.749502,0.271702,0.379753,0.294505,0.359358,0.632718,0.359358,0.655796,0.379753,0.229511,0.757407,0.229511,0.146918,0.229033,0.757318,0.229033,0.146918,0.228705,0.757172,0.228705,0.146918,0.226718,0.756976,0.226718,0.146918,0.710999,0.173524,0.710999,0.783582,0.709013,0.783343,0.709013,0.173524,0.708684,0.783071,0.708684,0.173524,0.708206,0.782775,0.708206,0.173524,0.707596,0.782467,0.707596,0.173524,0.404439,0.138982,0.404439,0.747925,0.40383,0.748233,0.40383,0.138982,0.403351,0.748529,0.403351,0.138982,0.403023,0.748801,0.403023,0.138982,0.401037,0.74904,0.401037,0.138982,0.359659,0.146918,0.359659,0.756976,0.357673,0.757172,0.357673,0.146918,0.357344,0.757318,0.357345,0.146918,0.356866,0.757407,0.356866,0.146918,0.392886,0.636607,0.392886,0.173524,0.601245,0.350248,0.602726,0.350778,0.602726,0.351839,0.601139,0.350341,0.602726,0.350778,0.602726,0.351839,0.719149,0.602065,0.719149,0.138982,0.720968,0.138982,0.720968,0.601503,0.722461,0.138982,0.722461,0.60053,0.391068,0.636045,0.391068,0.173524]],
    "metadata":{
        "materials":1,
        "uvs":1,
        "faces":85,
        "type":"Geometry",
        "generator":"io_three",
        "version":3,
        "normals":75,
        "vertices":56
    },
    "vertices":[-8.50525,27,-1.25,-9.97355,8.58307e-06,-2.25,-8.50525,0.823539,-1.25,8.50526,27,-1.25,8.50525,0.823533,-1.25,-9.97354,27,-2.25,3.624e-06,27,4.54259,9.97355,27,-2.25,9.97355,2.86102e-06,-2.25,-3.35099e-06,5.59391,4.54259,-11.5995,27,-2.25,-11.6256,27,-2.16531,-11.6265,27,-2.24838,-11.6476,27,-2.24356,-11.6621,27,-2.23573,-11.6695,27,-2.2252,-11.6693,27,-2.21236,-11.6617,27,-2.19772,-11.647,27,-2.18183,-11.6256,0.0697565,-2.16531,-11.5995,9.53674e-06,-2.25,-11.647,0.0561495,-2.18183,-11.6618,0.043066,-2.19772,-11.6694,0.0310068,-2.21236,-11.6695,0.0204382,-2.22519,-11.6622,0.0117645,-2.23573,-11.6476,0.00531864,-2.24355,-11.6265,0.00134945,-2.24837,11.6256,27,-2.16531,11.5995,27,-2.25,11.647,27,-2.18183,11.6618,27,-2.19772,11.6694,27,-2.21236,11.6695,27,-2.2252,11.6622,27,-2.23573,11.6476,27,-2.24356,11.6265,27,-2.24838,11.5995,1.90735e-06,-2.25,11.6256,0.0697489,-2.16531,11.6265,0.00134182,-2.24837,11.6476,0.00531101,-2.24355,11.6621,0.0117569,-2.23573,11.6695,0.0204306,-2.22519,11.6693,0.0310001,-2.21236,11.6617,0.0430584,-2.19772,11.647,0.0561419,-2.18183,-0.121065,27,5.66757,0.121073,27,5.66757,3.624e-06,27,5.60353,-0.0443107,27,5.69774,0.0443181,27,5.69774,0.121066,6.52037,5.66757,-0.121072,6.52037,5.66757,-3.05734e-06,6.49514,5.63694,0.0443113,6.54521,5.69774,-0.0443175,6.54521,5.69774],
    "normals":[-0.562909,2.09398e-07,0.826519,-0.562909,2.22214e-07,0.826519,0.562909,-1.26594e-07,0.826519,4.48511e-07,1,-4.47325e-06,0.56291,-1.9379e-07,0.826518,1.91241e-07,1,2.80798e-07,-2.51481e-07,-0.77193,0.635708,1.79288e-08,2.20758e-08,-1,-2.45279e-08,2.96014e-08,1,6.59845e-07,-3.09064e-08,-1,1.17306e-06,1,5.99203e-07,9.50899e-07,1,-1.79779e-06,8.35003e-06,1,1.08031e-05,0,1,0,0,1,-0,7.68012e-08,1,-1.27284e-06,-1.50695e-07,1,-1.67923e-06,0,1,-0,3.09798e-07,1,-8.73937e-07,9.7771e-07,1,2.7521e-07,1.17306e-06,1,-2.284e-06,0,1,0,-1.44971e-07,1,-2.74085e-07,8.88338e-07,1,-1.79779e-06,-2.72106e-07,1,-8.38375e-08,0.562909,-2.35107e-07,-0.826519,-8.06477e-07,-4.85665e-08,-1,-8.09383e-07,-0.77193,0.635708,-9.81599e-07,-0.771929,0.635708,6.77134e-05,-0.771975,0.635654,0.000166016,-0.771949,0.635684,-5.65525e-05,-0.771959,0.635673,1.67927e-05,-0.771872,0.635778,-1.73114e-07,-0.77193,0.635708,4.00606e-05,-0.771959,0.635672,-1.05897e-06,-0.771926,0.635712,7.84899e-07,-0.771931,0.635707,-4.59988e-06,-0.771927,0.635711,3.03519e-07,-0.77193,0.635708,-5.45987e-07,-0.771958,0.635673,-2.08936e-05,-0.771879,0.63577,-3.8085e-05,-0.771926,0.635712,5.91276e-05,-0.771917,0.635724,-2.15859e-05,-0.771945,0.635689,8.94384e-07,-0.771929,0.635709,-6.49814e-07,-0.771907,0.635736,1.1437e-05,-0.771934,0.635703,-6.34576e-07,-0.77193,0.635707,-1.54656e-07,-0.771935,0.635701,-0.562909,1.30615e-07,-0.826519,3.09655e-07,1,-1.90735e-06,-0.0602333,-8.22188e-08,-0.998184,-0.222147,-3.27037e-08,-0.975013,-0.47444,5.75605e-08,-0.880288,-0.820625,2.00431e-07,-0.571467,-0.999944,3.19296e-07,0.010551,-0.887591,3.31419e-07,0.460633,-0.732367,3.05522e-07,0.68091,-0.611554,2.78889e-07,0.791203,0.611551,-1.65258e-07,0.791205,0.732367,-2.32682e-07,0.68091,0.887591,-3.23772e-07,0.460633,0.999944,-4.2307e-07,0.0105512,0.820625,-4.08625e-07,-0.571467,0.474429,-2.94455e-07,-0.880294,0.222158,-1.97501e-07,-0.975011,0.0602289,-1.31304e-07,-0.998185,-0.562791,2.65935e-07,0.826599,8.68114e-07,-0.771929,0.635709,0,-0.771929,0.635709,-8.75597e-07,-0.771929,0.635709,0.365839,-3.51045e-08,0.930678,0,9.3247e-08,1,-0.365839,2.08696e-07,0.930678,0.562791,-1.15624e-07,0.826599],