{
    "normals":[-1,0,0,-0,0,-1,1,0,0,0,0,1,0,-1,0,0,1,0],
    "faces":[43,0,1,3,2,0,0,1,2,3,0,0,0,0,43,2,3,7,6,0,4,5,6,7,1,1,1,1,43,6,7,5,4,0,8,9,10,11,2,2,2,2,43,1,0,4,5,0,14,15,12,13,3,3,3,3,43,4,0,2,6,0,18,19,16,17,4,4,4,4,43,7,3,1,5,0,20,21,22,23,5,5,5,5],
    "materials":[],
    "vertices":[-10,76.5908,10,-10,81.5908,10,-10,76.5908,-10,-10,81.5908,-10,10,76.5908,10,10,81.5908,10,10,76.5908,-10,10,81.5908,-10],
    "uvs":[[0.503838,0.302262,0.503838,0.138492,0.060173,0.138492,0.060173,0.302262,0.494061,0.302262,0.494061,0.138492,0.050395,0.138492,0.050395,0.302262,0.497454,0.302262,0.497454,0.138492,0.94112,0.138492,0.94112,0.302262,0.503294,0.302262,0.503294,0.138492,0.94696,0.138492,0.94696,0.302262,0.546605,0.730921,0.750253,0.730921,0.750253,0.527273,0.546605,0.527273,0.728769,0.730921,0.525121,0.730921,0.525121,0.527273,0.728769,0.527273]],
    "metadata":{
        "normals":6,
        "type":"Geometry",
        "generator":"io_three",
        "version":3,
        "faces":6,
        "materials":0,
        "vertices":8,
        "uvs":1
    }
}