{
    "normals":[-1,-0,0,1,0,-0,0,1,-0,0,-1,0,0,-1e-06,1,0,3e-06,-1,1e-06,-0,1,-1e-06,0,-1,0,1,-0,0,-1,0,1,0,-0,-1,2e-06,0,0,-0,1,-0,0,-1,-1,2e-06,0,1,-0,-1e-06,-1,0,1e-06,0,1,-0,0,-1,0,0,0,-1,0,2e-06,1],
    "faces":[35,0,1,3,2,0,0,0,0,0,35,7,5,4,6,0,1,1,1,1,35,3,1,5,7,0,2,2,2,2,35,0,2,6,4,0,3,3,3,3,35,1,0,4,5,0,4,4,4,4,35,2,3,7,6,0,5,5,5,5,35,11,10,8,9,0,6,6,6,6,35,15,13,12,14,0,7,7,7,7,35,11,9,13,15,0,8,8,8,8,35,8,10,14,12,0,9,9,9,9,35,9,8,12,13,0,10,10,10,10,35,10,11,15,14,0,11,11,11,11,35,19,18,16,17,0,12,12,12,12,35,23,21,20,22,0,13,13,13,13,35,19,17,21,23,0,8,8,8,8,35,16,18,22,20,0,9,9,9,9,35,17,16,20,21,0,10,10,10,10,35,18,19,23,22,0,14,14,14,14,35,27,26,24,25,0,15,15,15,15,35,31,29,28,30,0,16,16,16,16,35,27,25,29,31,0,17,17,17,17,35,24,26,30,28,0,18,18,18,18,35,25,24,28,29,0,19,19,19,19,35,26,27,31,30,0,20,20,20,20],
    "materials":[],
    "vertices":[22,9.25127,22.0412,22,11.9168,22.0412,22,9.25127,-22,22,11.9168,-22,22.2,9.25127,22.0412,22.2,11.9168,22.0412,22.2,9.25127,-22,22.2,11.9168,-22,22,9.25127,-22,22,11.9168,-22,-22.0412,9.25127,-22,-22.0412,11.9168,-22,22,9.25127,-22.2,22,11.9168,-22.2,-22.0412,9.25127,-22.2,-22.0412,11.9168,-22.2,22.0412,9.25127,22.2,22.0412,11.9168,22.2,-22,9.25127,22.2,-22,11.9168,22.2,22.0412,9.25127,22,22.0412,11.9168,22,-22,9.25127,22,-22,11.9168,22,-22,9.25127,-22.0412,-22,11.9168,-22.0412,-22,9.25127,22,-22,11.9168,22,-22.2,9.25127,-22.0412,-22.2,11.9168,-22.0412,-22.2,9.25127,22,-22.2,11.9168,22],
    "uvs":[],
    "metadata":{
        "normals":21,
        "type":"Geometry",
        "generator":"io_three",
        "version":3,
        "faces":24,
        "materials":0,
        "vertices":32,
        "uvs":0
    }
}