{
    "normals":[-1,0,-0,0.707107,-0,0.707106,0.707107,0,0.707106,0.707107,0,0.707106,0.707108,-1e-06,0.707106,0.703438,6e-06,-0.710756,0.703438,0,-0.710757,0.703438,1e-06,-0.710757,0,1,-0,1,-0,0,-0,-1,0,0,-1e-06,1,1,0,0,1,-0,0,0,-1,0,0,1,-0,0,1e-06,-1,-0,0,1,-0.707106,-0,-0.707107,-0.707106,0,-0.707108,-0.707106,0,-0.707107,-0.707106,1e-06,-0.707108,0.710757,-3e-06,-0.703438,0.710757,0,-0.703437,0.710757,-2e-06,-0.703438,0.710757,0,-0.703437,0,-1,-0,-0,0,-1,0,1,0,-1,3e-06,0,0,-0,-1,0,-0,-1,1,-1e-06,0,0.707106,0,0.707107,0.707106,-0,0.707108,0.707106,-0,0.707107,0.707106,1e-06,0.707108,-0.710757,-3e-06,0.703438,-0.710758,0,0.703437,-0.710757,-2e-06,0.703438,-0.710758,0,0.703437,0,-1,0,0,1,-0,1,3e-06,0,0,0,1,0,0,1,0,1,-0,0,-1,0,-1,-1e-06,0,1,0,-0,-0.707107,0,-0.707106,-0.707108,-0,-0.707106,-0.707108,-0,-0.707106,-0.707108,-1e-06,-0.707106,-0.703438,6e-06,0.710757,1,-0,0,-0.703437,0,0.710757,-0.703438,1e-06,0.710757,0,1,-0,-1,0,-0,-0,-1,0,0,-1e-06,-1,-1,0,0,-1,0,0,0,-1,0,0,1,-0,0,1e-06,1],
    "faces":[43,0,1,3,2,0,0,1,2,3,0,0,0,0,42,7,2,3,0,9,4,5,1,1,1,42,3,6,8,0,5,6,7,2,2,2,42,9,7,3,0,8,9,5,3,3,3,42,3,8,9,0,5,7,8,4,4,4,42,0,4,11,0,15,10,11,5,5,5,42,10,5,1,0,12,13,14,6,6,6,42,0,11,10,0,15,11,12,7,7,7,42,10,1,0,0,12,14,15,6,6,6,43,0,2,7,4,0,18,19,16,17,8,8,8,8,43,7,9,11,4,0,20,21,22,23,9,9,9,9,43,6,3,1,5,0,16,19,18,24,10,10,10,10,43,10,11,15,14,0,25,25,25,25,11,11,11,11,43,10,8,6,5,0,26,27,28,29,12,12,12,12,43,15,13,12,14,0,25,25,25,25,13,13,13,13,43,11,9,13,15,0,24,16,30,31,14,14,14,14,43,8,10,14,12,0,16,24,31,30,15,15,15,15,43,9,8,12,13,0,25,25,25,25,16,16,16,16,43,16,17,19,18,0,0,1,2,3,17,17,17,17,42,23,18,19,0,9,4,5,18,18,18,42,19,22,24,0,5,6,7,19,19,19,42,25,23,19,0,8,9,5,20,20,20,42,19,24,25,0,5,7,8,21,21,21,42,16,20,27,0,15,10,11,22,22,22,42,26,21,17,0,12,13,14,23,23,23,42,16,27,26,0,15,11,12,24,24,24,42,26,17,16,0,12,14,15,25,25,25,43,23,20,16,18,0,16,17,18,19,26,26,26,26,43,23,25,27,20,0,20,21,22,23,27,27,27,27,43,22,19,17,21,0,16,19,18,24,28,28,28,28,43,26,27,31,30,0,25,25,25,25,29,29,29,29,43,26,24,22,21,0,26,27,28,29,30,30,30,30,43,31,29,28,30,0,25,25,25,25,31,31,31,31,43,27,25,29,31,0,24,16,30,31,28,28,28,28,43,24,26,30,28,0,16,24,31,30,26,26,26,26,43,25,24,28,29,0,25,25,25,25,32,32,32,32,43,32,33,35,34,0,0,1,2,3,27,27,27,27,42,39,34,35,0,9,4,5,33,33,33,42,35,38,40,0,5,6,7,34,34,34,42,41,39,35,0,8,9,5,35,35,35,42,35,40,41,0,5,7,8,36,36,36,42,32,36,43,0,15,10,11,37,37,37,42,42,37,33,0,12,13,14,38,38,38,42,32,43,42,0,15,11,12,39,39,39,42,42,33,32,0,12,14,15,40,40,40,43,39,36,32,34,0,16,17,18,19,41,41,41,41,43,39,41,43,36,0,20,21,22,23,17,17,17,17,43,38,35,33,37,0,16,19,18,24,42,42,42,42,43,42,43,47,46,0,25,25,25,25,43,43,43,43,43,42,40,38,37,0,26,27,28,29,44,44,44,44,43,47,45,44,46,0,25,25,25,25,45,45,45,45,43,43,41,45,47,0,24,16,30,31,46,46,46,46,43,40,42,46,44,0,16,24,31,30,47,47,47,47,43,41,40,44,45,0,25,25,25,25,48,48,48,48,43,48,49,51,50,0,0,1,2,3,49,49,49,49,42,55,50,51,0,9,4,5,50,50,50,42,51,54,56,0,5,6,7,51,51,51,42,57,55,51,0,8,9,5,52,52,52,42,51,56,57,0,5,7,8,53,53,53,42,48,52,59,0,15,10,11,54,54,54,42,59,58,53,0,11,12,13,55,55,55,42,53,49,48,0,13,14,15,56,56,56,42,59,53,48,0,11,13,15,57,57,57,43,55,52,48,50,0,16,17,18,19,58,58,58,58,43,55,57,59,52,0,20,21,22,23,59,59,59,59,43,54,51,49,53,0,16,19,18,24,60,60,60,60,43,58,59,63,62,0,25,25,25,25,61,61,61,61,43,58,56,54,53,0,26,27,28,29,62,62,62,62,43,63,61,60,62,0,25,25,25,25,63,63,63,63,43,59,57,61,63,0,24,16,30,31,64,64,64,64,43,56,58,62,60,0,16,24,31,30,65,65,65,65,43,57,56,60,61,0,25,25,25,25,66,66,66,66],
    "materials":[],
    "vertices":[-26,12.3341,-26,-26,8.83406,-26,-26,12.3341,26,-26,8.83406,26,-22,12.3341,-22.0412,-22,8.83405,-22.0412,-22,8.83406,22,-22,12.3341,22,-22,9.25127,22,-22,11.9168,22,-22,9.25127,-22.0412,-22,11.9168,-22.0412,-22.2,9.25127,22,-22.2,11.9168,22,-22.2,9.25127,-22.0412,-22.2,11.9168,-22.0412,26,8.83406,26,26,12.3341,26,-26,8.83406,26,-26,12.3341,26,22.0412,8.83406,22,22.0412,12.3341,22,-22,12.3341,22,-22,8.83406,22,-22,11.9168,22,-22,9.25127,22,22.0412,11.9168,22,22.0412,9.25127,22,-22,11.9168,22.2,-22,9.25127,22.2,22.0412,11.9168,22.2,22.0412,9.25127,22.2,-26,8.83405,-26,-26,12.3341,-26,26,8.83405,-26,26,12.3341,-26,-22.0412,8.83406,-22,-22.0412,12.3341,-22,22,12.3341,-22,22,8.83406,-22,22,11.9168,-22,22,9.25127,-22,-22.0412,11.9168,-22,-22.0412,9.25127,-22,22,11.9168,-22.2,22,9.25127,-22.2,-22.0412,11.9168,-22.2,-22.0412,9.25127,-22.2,26,12.3341,26,26,8.83406,26,26,12.3341,-26,26,8.83405,-26,22,12.3341,22.0412,22,8.83406,22.0412,22,8.83406,-22,22,12.3341,-22,22,9.25127,-22,22,11.9168,-22,22,9.25127,22.0412,22,11.9168,22.0412,22.2,9.25127,-22,22.2,11.9168,-22,22.2,9.25127,22.0412,22.2,11.9168,22.0412],
    "uvs":[[0.118272,0.130615,0.075442,0.130615,0.075442,0.76695,0.118272,0.76695,0.830602,0.683422,0.787836,0.683422,0.787836,0.614302,0.792934,0.614302,0.825504,0.614302,0.830602,0.614302,0.675572,0.683433,0.670474,0.683433,0.637904,0.683433,0.632806,0.683433,0.632806,0.614668,0.675572,0.614668,0.239426,0.180119,0.239426,0.718252,0.19055,0.766624,0.19055,0.131243,0.118272,0.718001,0.113167,0.718001,0.113167,0.17906,0.118272,0.17906,0.239426,0.718252,0.09375,0.070312,0.080547,0.179059,0.080547,0.718001,0.075442,0.718001,0.075442,0.179059,0.236982,0.180119,0.236982,0.718252]],
    "metadata":{
        "normals":67,
        "type":"Geometry",
        "generator":"io_three",
        "version":3,
        "faces":72,
        "materials":0,
        "vertices":64,
        "uvs":1
    }
}