{
    "normals":[-1,0,0,0,1e-06,-1,1,0,0,0,-1e-06,1,0,-1,-1e-06,0,1,1e-06],
    "faces":[43,0,1,3,2,0,0,1,2,3,0,0,0,0,43,2,3,7,6,0,4,5,6,7,1,1,1,1,43,6,7,5,4,0,3,2,1,0,2,2,2,2,43,1,0,4,5,0,10,11,8,9,3,3,3,3,43,4,0,2,6,0,14,15,12,13,4,4,4,4,43,7,3,1,5,0,16,12,17,14,5,5,5,5],
    "vertices":[-17.5,20.9614,7,-17.5,23.9614,7,-17.5,20.9614,-6.5,-17.5,23.9614,-6.5,17.5,20.9614,7,17.5,23.9614,7,17.5,20.9614,-6.5,17.5,23.9614,-6.5],
    "materials":[],
    "uvs":[[0.514473,0.639128,0.514473,0.702656,0.800348,0.702656,0.800349,0.639128,0.375897,0.818339,0.439425,0.818339,0.439425,0.07718,0.375897,0.07718,0.375896,0.07718,0.439424,0.07718,0.439424,0.818339,0.375896,0.818339,0.321745,0.85556,0.321745,0.114401,0.03587,0.114401,0.03587,0.85556,0.321745,0.114401,0.03587,0.85556]],
    "metadata":{
        "generator":"io_three",
        "uvs":1,
        "version":3,
        "normals":6,
        "faces":6,
        "type":"Geometry",
        "vertices":8,
        "materials":0
    }
}