{
    "uvs":[[0,0]],
    "vertices":[0.174348,8.66528,-0.876519,0.341998,8.66528,-0.825663,0.496506,8.66528,-0.743077,0.631932,8.66528,-0.631935,0.743074,8.66528,-0.496509,0.82566,8.66528,-0.342002,0.876516,8.66528,-0.174352,0.893688,8.66528,-1e-06,0.876516,8.66528,0.174349,0.82566,8.66528,0.341999,0.743074,8.66528,0.496506,0.631932,8.66528,0.631933,0.496505,8.66528,0.743075,0.341998,8.66528,0.82566,0.174348,8.66528,0.876516,-2e-06,8.66528,0.893688,-0.174352,8.66528,0.876516,-0.342002,8.66528,0.82566,-0.496509,8.66528,0.743074,-0.631936,8.66528,0.631933,-0.743078,8.66528,0.496506,-0.825663,8.66528,0.341999,-0.876519,8.66528,0.174349,-0.893691,8.66528,-1e-06,-0.876519,8.66528,-0.174352,-0.825663,8.66528,-0.342001,-0.743077,8.66528,-0.496509,-0.631935,8.66528,-0.631935,-0.496509,8.66528,-0.743077,-0.342002,8.66528,-0.825662,-0.174352,8.66528,-0.876518,-2e-06,8.66528,-0.89369,0.258173,8.66528,-0.851091,0.419252,8.66528,-0.78437,0.564219,8.66528,-0.687506,0.687503,8.66528,-0.564222,0.784367,8.66528,-0.419255,0.851088,8.66528,-0.258177,0.885102,8.66528,-0.087176,0.885102,8.66528,0.087174,0.851088,8.66528,0.258174,0.784367,8.66528,0.419253,0.687503,8.66528,0.564219,0.564219,8.66528,0.687504,0.419252,8.66528,0.784367,0.258173,8.66528,0.851088,0.087173,8.66528,0.885102,-0.087177,8.66528,0.885102,-0.258177,8.66528,0.851088,-0.419256,8.66528,0.784367,-0.564223,8.66528,0.687503,-0.687507,8.66528,0.564219,-0.78437,8.66528,0.419252,-0.851092,8.66528,0.258174,-0.885105,8.66528,0.087174,-0.885105,8.66528,-0.087176,-0.851091,8.66528,-0.258177,-0.78437,8.66528,-0.419255,-0.687506,8.66528,-0.564222,-0.564222,8.66528,-0.687506,-0.419255,8.66528,-0.78437,-0.258177,8.66528,-0.851091,-0.087177,8.66528,-0.885104,0.087173,8.66528,-0.885105],
    "materials":[{
        "depthTest":true,
        "visible":true,
        "vertexColors":false,
        "depthWrite":true,
        "doubleSided":true,
        "DbgIndex":0,
        "blending":"NormalBlending",
        "specularCoef":50,
        "colorSpecular":[1,1,1],
        "DbgColor":15658734,
        "opacity":1,
        "wireframe":false,
        "colorEmissive":[0,0,0],
        "DbgName":"metalic.001",
        "transparent":false,
        "shading":"phong"
    }],
    "metadata":{
        "type":"Geometry",
        "generator":"io_three",
        "vertices":64,
        "uvs":1,
        "materials":1,
        "version":3,
        "colors":0,
        "normals":6,
        "faces":62
    },
    "colors":[],
    "normals":[0,1,0,-0,1,0,-0,1,0,0,1,0,0,1,-0,0,1,-0],
    "faces":[42,1,32,0,0,0,0,0,0,0,0,42,63,31,62,0,0,0,0,1,1,1,42,1,0,63,0,0,0,0,0,0,0,42,34,2,33,0,0,0,0,0,0,0,42,33,1,63,0,0,0,0,0,0,0,42,63,62,30,0,0,0,0,0,0,0,42,30,61,29,0,0,0,0,0,0,0,42,60,28,59,0,0,0,0,0,0,0,42,30,29,60,0,0,0,0,0,0,0,42,33,63,30,0,0,0,0,2,2,2,42,3,34,33,0,0,0,0,3,3,3,42,4,35,3,0,0,0,0,0,0,0,42,5,36,4,0,0,0,0,0,0,0,42,6,37,5,0,0,0,0,0,0,0,42,39,7,38,0,0,0,0,4,4,4,42,38,6,5,0,0,0,0,0,0,0,42,5,4,3,0,0,0,0,0,0,0,42,3,33,30,0,0,0,0,0,0,0,42,30,60,59,0,0,0,0,0,0,0,42,59,27,58,0,0,0,0,0,0,0,42,58,26,57,0,0,0,0,0,0,0,42,57,25,56,0,0,0,0,3,3,3,42,56,24,55,0,0,0,0,0,0,0,42,55,23,54,0,0,0,0,0,0,0,42,54,22,53,0,0,0,0,0,0,0,42,53,21,52,0,0,0,0,0,0,0,42,52,20,51,0,0,0,0,3,3,3,42,51,19,50,0,0,0,0,0,0,0,42,50,18,49,0,0,0,0,0,0,0,42,49,17,48,0,0,0,0,0,0,0,42,48,16,47,0,0,0,0,0,0,0,42,47,15,46,0,0,0,0,0,0,0,42,46,14,45,0,0,0,0,0,0,0,42,45,13,44,0,0,0,0,0,0,0,42,44,12,43,0,0,0,0,0,0,0,42,43,11,42,0,0,0,0,0,0,0,42,42,10,41,0,0,0,0,0,0,0,42,41,9,40,0,0,0,0,0,0,0,42,40,8,39,0,0,0,0,0,0,0,42,39,38,5,0,0,0,0,0,0,0,42,5,3,30,0,0,0,0,0,0,0,42,30,59,58,0,0,0,0,0,0,0,42,58,57,56,0,0,0,0,0,0,0,42,56,55,54,0,0,0,0,0,0,0,42,54,53,52,0,0,0,0,3,3,3,42,52,51,50,0,0,0,0,0,0,0,42,50,49,48,0,0,0,0,0,0,0,42,48,47,46,0,0,0,0,3,3,3,42,46,45,44,0,0,0,0,0,0,0,42,44,43,42,0,0,0,0,0,0,0,42,42,41,40,0,0,0,0,0,0,0,42,40,39,5,0,0,0,0,5,5,5,42,5,30,58,0,0,0,0,1,1,1,42,58,56,54,0,0,0,0,0,0,0,42,54,52,50,0,0,0,0,0,0,0,42,50,48,46,0,0,0,0,0,0,0,42,46,44,42,0,0,0,0,0,0,0,42,42,40,5,0,0,0,0,4,4,4,42,5,58,54,0,0,0,0,1,1,1,42,54,50,46,0,0,0,0,0,0,0,42,46,42,5,0,0,0,0,0,0,0,42,54,46,5,0,0,0,0,0,0,0]
}