{
    "normals":[0,-1,0,-0,-1,0,0,-1,0,-0,-1,0,0,1,0,0,-1,-0],
    "faces":[42,1,32,0,0,0,0,0,0,0,0,42,63,31,62,0,0,0,0,1,1,1,42,1,0,63,0,0,0,0,0,0,0,42,34,2,33,0,0,0,0,2,2,2,42,33,1,63,0,0,0,0,0,0,0,42,63,62,30,0,0,0,0,0,0,0,42,30,61,29,0,0,0,0,0,0,0,42,60,28,59,0,0,0,0,0,0,0,42,30,29,60,0,0,0,0,0,0,0,42,33,63,30,0,0,0,0,3,3,3,42,3,34,33,0,0,0,0,0,0,0,42,36,4,35,0,0,0,0,0,0,0,42,35,3,33,0,0,0,0,2,2,2,42,33,30,60,0,0,0,0,3,3,3,42,60,59,27,0,0,0,0,0,0,0,42,27,58,26,0,0,0,0,0,0,0,42,26,57,25,0,0,0,0,0,0,0,42,56,24,55,0,0,0,0,0,0,0,42,26,25,56,0,0,0,0,0,0,0,42,60,27,26,0,0,0,0,0,0,0,42,35,33,60,0,0,0,0,1,1,1,42,5,36,35,0,0,0,0,0,0,0,42,6,37,5,0,0,0,0,0,0,0,42,7,38,6,0,0,0,0,4,4,4,42,40,8,39,0,0,0,0,0,0,0,42,39,7,6,0,0,0,0,0,0,0,42,6,5,35,0,0,0,0,0,0,0,42,35,60,26,0,0,0,0,1,1,1,42,26,56,55,0,0,0,0,0,0,0,42,55,23,54,0,0,0,0,5,5,5,42,54,22,53,0,0,0,0,2,2,2,42,53,21,52,0,0,0,0,0,0,0,42,52,20,51,0,0,0,0,0,0,0,42,51,19,50,0,0,0,0,0,0,0,42,50,18,49,0,0,0,0,0,0,0,42,49,17,48,0,0,0,0,0,0,0,42,48,16,47,0,0,0,0,2,2,2,42,47,15,46,0,0,0,0,0,0,0,42,46,14,45,0,0,0,0,0,0,0,42,45,13,44,0,0,0,0,0,0,0,42,44,12,43,0,0,0,0,0,0,0,42,43,11,42,0,0,0,0,0,0,0,42,42,10,41,0,0,0,0,0,0,0,42,41,9,40,0,0,0,0,0,0,0,42,40,39,6,0,0,0,0,0,0,0,42,6,35,26,0,0,0,0,1,1,1,42,26,55,54,0,0,0,0,0,0,0,42,54,53,52,0,0,0,0,0,0,0,42,52,51,50,0,0,0,0,0,0,0,42,50,49,48,0,0,0,0,2,2,2,42,48,47,46,0,0,0,0,2,2,2,42,46,45,44,0,0,0,0,0,0,0,42,44,43,42,0,0,0,0,0,0,0,42,42,41,40,0,0,0,0,0,0,0,42,40,6,26,0,0,0,0,0,0,0,42,26,54,52,0,0,0,0,5,5,5,42,52,50,48,0,0,0,0,0,0,0,42,48,46,44,0,0,0,0,0,0,0,42,44,42,40,0,0,0,0,0,0,0,42,40,26,52,0,0,0,0,1,1,1,42,52,48,44,0,0,0,0,0,0,0,42,52,44,40,0,0,0,0,0,0,0],
    "colors":[],
    "vertices":[-0.17435,11.7488,-0.876519,-0.342,11.7488,-0.825663,-0.496507,11.7488,-0.743077,-0.631934,11.7488,-0.631936,-0.743076,11.7488,-0.496509,-0.825661,11.7488,-0.342002,-0.876517,11.7488,-0.174352,-0.893689,11.7488,-1e-06,-0.876517,11.7488,0.174349,-0.825661,11.7488,0.341999,-0.743076,11.7488,0.496506,-0.631934,11.7488,0.631933,-0.496507,11.7488,0.743074,-0.342,11.7488,0.82566,-0.17435,11.7488,0.876516,0,11.7488,0.893688,0.174351,11.7488,0.876516,0.342001,11.7488,0.82566,0.496508,11.7488,0.743074,0.631934,11.7488,0.631932,0.743076,11.7488,0.496506,0.825662,11.7488,0.341999,0.876518,11.7488,0.174349,0.89369,11.7488,-2e-06,0.876518,11.7488,-0.174352,0.825661,11.7488,-0.342002,0.743076,11.7488,-0.496509,0.631934,11.7488,-0.631935,0.496507,11.7488,-0.743077,0.342,11.7488,-0.825663,0.17435,11.7488,-0.876519,0,11.7488,-0.893691,-0.258175,11.7488,-0.851091,-0.419254,11.7488,-0.78437,-0.56422,11.7488,-0.687506,-0.687505,11.7488,-0.564222,-0.784368,11.7488,-0.419255,-0.851089,11.7488,-0.258177,-0.885103,11.7488,-0.087177,-0.885103,11.7488,0.087174,-0.851089,11.7488,0.258174,-0.784368,11.7488,0.419252,-0.687505,11.7488,0.564219,-0.56422,11.7488,0.687504,-0.419254,11.7488,0.784367,-0.258175,11.7488,0.851088,-0.087175,11.7488,0.885102,0.087175,11.7488,0.885102,0.258176,11.7488,0.851088,0.419254,11.7488,0.784367,0.564221,11.7488,0.687503,0.687505,11.7488,0.564219,0.784369,11.7488,0.419252,0.85109,11.7488,0.258174,0.885104,11.7488,0.087174,0.885104,11.7488,-0.087177,0.85109,11.7488,-0.258177,0.784369,11.7488,-0.419255,0.687505,11.7488,-0.564222,0.564221,11.7488,-0.687506,0.419254,11.7488,-0.78437,0.258175,11.7488,-0.851091,0.087175,11.7488,-0.885105,-0.087175,11.7488,-0.885105],
    "materials":[],
    "uvs":[[0,0]],
    "metadata":{
        "normals":6,
        "materials":0,
        "colors":0,
        "vertices":64,
        "faces":62,
        "uvs":1,
        "version":3,
        "type":"Geometry",
        "generator":"io_three"
    }
}