{
    "normals":[-0.927183,0.374584,0,0.927183,-0.374584,0,-0.371227,-0.91879,0.134037,-0.374584,-0.927183,0,0.296396,0.733604,-0.611499,0.323252,0.800104,-0.505234,-0.345042,-0.85406,0.389203,-0.361217,-0.89407,0.264809,0,0,0.999969,0,0,1,0.371197,0.918821,0.134007,0.361217,0.89407,0.264779,-0.345042,-0.85406,-0.389203,-0.323252,-0.800134,-0.505203,0.371197,0.91879,-0.134007,0.374584,0.927183,0,0.371197,0.918821,-0.134007,-0.371197,-0.918821,-0.134007,-0.361217,-0.89407,-0.264809,0,0,-1,0,0,-0.999969,0.296396,0.733604,0.611499,0.26487,0.655599,0.707083,-0.229072,-0.566973,-0.791223,-0.189245,-0.468429,-0.862972,0.345042,0.85406,0.389203,0.323252,0.800104,0.505234,-0.296396,-0.733604,-0.611469,-0.26487,-0.655599,-0.707083,0.145787,0.360881,0.92114,0.0991852,0.245552,0.964263,0.0991852,0.245521,0.964293,-0.0502029,-0.124271,-0.990966,-0.0251473,-0.0622578,-0.997711,0.229072,0.566973,0.791223,0.189245,0.468429,0.862972,-0.145787,-0.360881,-0.92111,-0.0991852,-0.245521,-0.964293,-0.0251473,-0.0622578,0.997742,-0.0502029,-0.124241,0.990966,0.0502029,0.124271,0.990966,0.0251473,0.0622578,0.997711,0.0991852,0.245521,-0.964293,0.145787,0.360881,-0.92114,-0.189245,-0.468429,0.862972,-0.229041,-0.566942,0.791223,0.0251473,0.0622883,-0.997711,0.0502029,0.124241,-0.990966,-0.0991852,-0.245521,0.964293,-0.145787,-0.360881,0.92111,0.26487,0.655599,-0.707083,-0.323252,-0.800134,0.505203,-0.323283,-0.800134,0.505203,0.189245,0.468429,-0.862972,0.229072,0.566973,-0.791223,-0.26487,-0.655599,0.707083,-0.296396,-0.733634,0.611469,0.361217,0.89407,-0.264779,0.345042,0.85406,-0.389203],
    "vertices":[8.94833,28.8216,-0.775005,8.98772,28.9191,-0.767926,9.0255,29.0126,-0.747311,9.06132,29.1012,-0.714083,9.09484,29.1842,-0.669167,9.12572,29.2606,-0.613485,9.1536,29.3296,-0.547966,9.17815,29.3904,-0.473531,9.19901,29.442,-0.391106,9.21583,29.4837,-0.301617,9.22828,29.5145,-0.205986,9.236,29.5336,-0.105142,9.23865,29.5401,-4.70831e-06,9.236,29.5336,0.105132,9.22828,29.5145,0.20598,9.21583,29.4837,0.301609,9.19901,29.442,0.391099,9.17815,29.3904,0.473522,9.1536,29.3296,0.547957,9.12572,29.2606,0.613477,9.09484,29.1842,0.669159,9.06132,29.1012,0.714075,9.0255,29.0126,0.747303,8.98772,28.9191,0.767919,8.94833,28.8216,0.774997,8.22041,27.0199,0.774997,7.49248,25.2182,0.774998,6.76455,23.4165,0.774998,6.03662,21.6148,0.774998,5.30869,19.8131,0.774999,4.58076,18.0115,0.774999,3.85283,16.2098,0.774999,3.1249,14.4081,0.774999,2.39698,12.6064,0.775,1.66905,10.8047,0.775,1.22684,9.7102,0.775,8.22041,27.0199,-0.775005,7.49248,25.2182,-0.775005,6.76455,23.4165,-0.775005,6.03662,21.6148,-0.775005,5.30869,19.8131,-0.775004,4.58076,18.0115,-0.775003,3.85283,16.2098,-0.775003,3.1249,14.4081,-0.775002,2.39698,12.6064,-0.775002,1.66905,10.8047,-0.775002,1.22684,9.7102,-0.775002,1.18745,9.61272,0.767923,1.14967,9.51921,0.747307,1.11385,9.43054,0.71408,1.08033,9.34757,0.669163,1.04945,9.27115,0.613481,1.02157,9.20213,0.547961,0.997022,9.14139,0.473526,0.976164,9.08976,0.391104,0.959339,9.04812,0.301613,0.946891,9.01731,0.205984,0.939169,8.9982,0.105137,0.936516,8.99163,-2.23292e-07,0.939167,8.99819,-0.105137,0.946889,9.0173,-0.205982,0.959337,9.04811,-0.301612,0.976163,9.08976,-0.391102,0.997021,9.14139,-0.473527,1.02157,9.20213,-0.547962,1.04945,9.27115,-0.613482,1.08032,9.34757,-0.669163,1.11385,9.43054,-0.714079,1.14967,9.51921,-0.747308,1.18745,9.61271,-0.767923,9.05313,28.7792,-0.775005,9.09251,28.8767,-0.767926,9.13029,28.9702,-0.747311,9.16611,29.0589,-0.714083,9.19964,29.1419,-0.669167,9.23051,29.2183,-0.613485,9.2584,29.2873,-0.547966,9.28294,29.348,-0.473531,9.3038,29.3997,-0.391106,9.32063,29.4413,-0.301617,9.33307,29.4721,-0.205986,9.3408,29.4912,-0.105142,9.34345,29.4978,-4.69856e-06,9.3408,29.4912,0.105132,9.33307,29.4721,0.20598,9.32063,29.4413,0.301609,9.3038,29.3997,0.391099,9.28294,29.348,0.473522,9.2584,29.2873,0.547957,9.23051,29.2183,0.613477,9.19964,29.1419,0.669159,9.16611,29.0589,0.714075,9.13029,28.9702,0.747303,9.09251,28.8767,0.767919,9.05313,28.7792,0.774997,8.3252,26.9776,0.774997,7.59727,25.1759,0.774998,6.86934,23.3742,0.774998,6.14141,21.5725,0.774998,5.41349,19.7708,0.774999,4.68556,17.9691,0.774999,3.95763,16.1674,0.774999,3.2297,14.3657,0.774999,2.50177,12.5641,0.775,1.77384,10.7624,0.775,1.33163,9.66786,0.775,8.3252,26.9776,-0.775005,7.59727,25.1759,-0.775005,6.86934,23.3742,-0.775005,6.14141,21.5725,-0.775005,5.41349,19.7708,-0.775004,4.68556,17.9691,-0.775003,3.95763,16.1674,-0.775003,3.2297,14.3657,-0.775002,2.50177,12.5641,-0.775002,1.77384,10.7624,-0.775002,1.33163,9.66786,-0.775002,1.29225,9.57038,0.767923,1.25447,9.47687,0.747307,1.21864,9.3882,0.71408,1.18512,9.30523,0.669163,1.15424,9.22881,0.613481,1.12636,9.15979,0.547961,1.10182,9.09905,0.473526,1.08096,9.04742,0.391104,1.06413,9.00578,0.301613,1.05169,8.97497,0.205984,1.04396,8.95586,0.105137,1.04131,8.94929,-2.13536e-07,1.04396,8.95585,-0.105137,1.05168,8.97496,-0.205982,1.06413,9.00577,-0.301612,1.08096,9.04742,-0.391102,1.10182,9.09904,-0.473527,1.12636,9.15979,-0.547962,1.15424,9.22881,-0.613482,1.18512,9.30523,-0.669163,1.21864,9.3882,-0.714079,1.25447,9.47687,-0.747308,1.29224,9.57037,-0.767923,8.94833,28.8216,-0.775005,8.94833,28.8216,-0.775005,8.98772,28.9191,-0.767926,9.0255,29.0126,-0.747311,9.06132,29.1012,-0.714083,9.09484,29.1842,-0.669167,9.12572,29.2606,-0.613485,9.1536,29.3296,-0.547966,9.17815,29.3904,-0.473531,9.19901,29.442,-0.391106,9.21583,29.4837,-0.301617,9.22828,29.5145,-0.205986,9.236,29.5336,-0.105142,9.23865,29.5401,-4.70831e-06,9.236,29.5336,0.105132,9.22828,29.5145,0.20598,9.21583,29.4837,0.301609,9.19901,29.442,0.391099,9.17815,29.3904,0.473522,9.1536,29.3296,0.547957,9.12572,29.2606,0.613477,9.09484,29.1842,0.669159,9.06132,29.1012,0.714075,9.0255,29.0126,0.747303,8.98772,28.9191,0.767919,8.94833,28.8216,0.774997,8.94833,28.8216,0.774997,8.22041,27.0199,0.774997,7.49248,25.2182,0.774998,6.76455,23.4165,0.774998,6.03662,21.6148,0.774998,5.30869,19.8131,0.774999,4.58076,18.0115,0.774999,3.85283,16.2098,0.774999,3.1249,14.4081,0.774999,2.39698,12.6064,0.775,1.66905,10.8047,0.775,1.22684,9.7102,0.775,1.22684,9.7102,0.775,8.22041,27.0199,-0.775005,7.49248,25.2182,-0.775005,6.76455,23.4165,-0.775005,6.03662,21.6148,-0.775005,5.30869,19.8131,-0.775004,4.58076,18.0115,-0.775003,3.85283,16.2098,-0.775003,3.1249,14.4081,-0.775002,2.39698,12.6064,-0.775002,1.66905,10.8047,-0.775002,1.22684,9.7102,-0.775002,1.22684,9.7102,-0.775002,1.18745,9.61272,0.767923,1.14967,9.51921,0.747307,1.11385,9.43054,0.71408,1.08033,9.34757,0.669163,1.04945,9.27115,0.613481,1.02157,9.20213,0.547961,0.997022,9.14139,0.473526,0.976164,9.08976,0.391104,0.959339,9.04812,0.301613,0.946891,9.01731,0.205984,0.939169,8.9982,0.105137,0.936516,8.99163,-2.23292e-07,0.939167,8.99819,-0.105137,0.946889,9.0173,-0.205982,0.959337,9.04811,-0.301612,0.976163,9.08976,-0.391102,0.997021,9.14139,-0.473527,1.02157,9.20213,-0.547962,1.04945,9.27115,-0.613482,1.08032,9.34757,-0.669163,1.11385,9.43054,-0.714079,1.14967,9.51921,-0.747308,1.18745,9.61271,-0.767923,9.05313,28.7792,-0.775005,9.05313,28.7792,-0.775005,9.09251,28.8767,-0.767926,9.13029,28.9702,-0.747311,9.16611,29.0589,-0.714083,9.19964,29.1419,-0.669167,9.23051,29.2183,-0.613485,9.2584,29.2873,-0.547966,9.28294,29.348,-0.473531,9.3038,29.3997,-0.391106,9.32063,29.4413,-0.301617,9.33307,29.4721,-0.205986,9.3408,29.4912,-0.105142,9.34345,29.4978,-4.69856e-06,9.3408,29.4912,0.105132,9.33307,29.4721,0.20598,9.32063,29.4413,0.301609,9.3038,29.3997,0.391099,9.28294,29.348,0.473522,9.2584,29.2873,0.547957,9.23051,29.2183,0.613477,9.19964,29.1419,0.669159,9.16611,29.0589,0.714075,9.13029,28.9702,0.747303,9.09251,28.8767,0.767919,9.05313,28.7792,0.774997,9.05313,28.7792,0.774997,8.3252,26.9776,0.774997,7.59727,25.1759,0.774998,6.86934,23.3742,0.774998,6.14141,21.5725,0.774998,5.41349,19.7708,0.774999,4.68556,17.9691,0.774999,3.95763,16.1674,0.774999,3.2297,14.3657,0.774999,2.50177,12.5641,0.775,1.77384,10.7624,0.775,1.33163,9.66786,0.775,1.33163,9.66786,0.775,