{
    "faces":[35,0,1,3,2,0,0,0,0,0,35,7,5,4,6,0,1,1,1,1,35,1,0,4,5,0,2,2,2,2,35,2,3,7,6,0,3,3,3,3,35,3,1,5,7,0,4,4,4,4,35,0,2,6,4,0,5,5,5,5,35,11,10,8,9,0,6,6,6,6,35,15,13,12,14,0,7,7,7,7,35,9,8,12,13,0,8,8,8,8,35,10,11,15,14,0,9,9,9,9,35,11,9,13,15,0,10,10,10,10,35,8,10,14,12,0,11,11,11,11,35,19,18,16,17,0,12,12,12,12,35,23,21,20,22,0,13,13,13,13,35,17,16,20,21,0,14,14,14,14,35,18,19,23,22,0,15,15,15,15,35,19,17,21,23,0,16,16,16,16,35,16,18,22,20,0,17,17,17,17],
    "normals":[-0.866025,3.03566e-07,0.5,0.866025,-3.03566e-07,-0.5,0.500003,3.38727e-07,0.866024,-0.500008,-3.4291e-06,-0.866021,-2.08217e-06,1,1.16194e-06,2.32138e-08,-1,4.02071e-08,3.48205e-08,-1.94863e-07,-1,-4.64274e-08,3.89726e-07,1,-1,0,-0,1,-3.1178e-06,0,0,1,0,0,-1,-0,-0.866025,0,-0.5,0.866025,0,0.5,-0.500003,0,0.866024,0.500001,-2.75357e-06,-0.866025,2.32142e-08,1,-4.02071e-08,1.01787e-06,-1,6.21173e-07],
    "materials":[],
    "vertices":[20.5667,6.24963,11.8683,20.5667,8.69667,11.8683,0.0254917,6.24963,-23.7101,0.0254882,8.69667,-23.7101,20.7399,6.24963,11.7683,20.7399,8.69667,11.7683,0.198697,6.24963,-23.8101,0.198693,8.69667,-23.8101,-20.5616,6.24963,11.8771,-20.5616,8.69667,11.8771,20.5208,6.24963,11.8771,20.5208,8.69667,11.8771,-20.5616,6.24963,12.0771,-20.5616,8.69667,12.0771,20.5208,6.24963,12.0771,20.5208,8.69667,12.0771,-20.7195,6.24963,11.733,-20.7195,8.69667,11.733,-0.178284,6.24963,-23.8455,-0.17828,8.69667,-23.8455,-20.5463,6.24963,11.833,-20.5463,8.69667,11.833,-0.00507827,6.24963,-23.7455,-0.0050747,8.69667,-23.7455],
    "metadata":{
        "type":"Geometry",
        "normals":18,
        "generator":"io_three",
        "uvs":0,
        "faces":18,
        "materials":0,
        "version":3,
        "vertices":24
    },
    "uvs":[]
}