{
    "faces":[42,1,32,0,0,0,0,0,0,0,0,42,63,31,62,0,0,0,0,1,1,1,42,1,0,63,0,0,0,0,0,0,0,42,34,2,33,0,0,0,0,0,0,0,42,33,1,63,0,0,0,0,0,0,0,42,63,62,30,0,0,0,0,0,0,0,42,30,61,29,0,0,0,0,0,0,0,42,60,28,59,0,0,0,0,0,0,0,42,30,29,60,0,0,0,0,0,0,0,42,33,63,30,0,0,0,0,2,2,2,42,3,34,33,0,0,0,0,3,3,3,42,36,4,35,0,0,0,0,0,0,0,42,35,3,33,0,0,0,0,0,0,0,42,33,30,60,0,0,0,0,1,1,1,42,60,59,27,0,0,0,0,3,3,3,42,27,58,26,0,0,0,0,0,0,0,42,26,57,25,0,0,0,0,0,0,0,42,56,24,55,0,0,0,0,0,0,0,42,26,25,56,0,0,0,0,0,0,0,42,60,27,26,0,0,0,0,0,0,0,42,35,33,60,0,0,0,0,1,1,1,42,5,36,35,0,0,0,0,0,0,0,42,6,37,5,0,0,0,0,0,0,0,42,39,7,38,0,0,0,0,4,4,4,42,38,6,5,0,0,0,0,0,0,0,42,5,35,60,0,0,0,0,0,0,0,42,60,26,56,0,0,0,0,0,0,0,42,56,55,23,0,0,0,0,0,0,0,42,23,54,22,0,0,0,0,0,0,0,42,22,53,21,0,0,0,0,0,0,0,42,52,20,51,0,0,0,0,0,0,0,42,22,21,52,0,0,0,0,0,0,0,42,56,23,22,0,0,0,0,0,0,0,42,5,60,56,0,0,0,0,2,2,2,42,39,38,5,0,0,0,0,0,0,0,42,40,8,39,0,0,0,0,0,0,0,42,41,9,40,0,0,0,0,0,0,0,42,42,10,41,0,0,0,0,0,0,0,42,43,11,42,0,0,0,0,0,0,0,42,44,12,43,0,0,0,0,0,0,0,42,45,13,44,0,0,0,0,0,0,0,42,46,14,45,0,0,0,0,0,0,0,42,47,15,46,0,0,0,0,0,0,0,42,48,16,47,0,0,0,0,0,0,0,42,49,17,48,0,0,0,0,0,0,0,42,50,18,49,0,0,0,0,0,0,0,42,51,19,50,0,0,0,0,0,0,0,42,22,52,51,0,0,0,0,0,0,0,42,5,56,22,0,0,0,0,0,0,0,42,40,39,5,0,0,0,0,5,5,5,42,42,41,40,0,0,0,0,0,0,0,42,44,43,42,0,0,0,0,0,0,0,42,46,45,44,0,0,0,0,0,0,0,42,48,47,46,0,0,0,0,3,3,3,42,50,49,48,0,0,0,0,0,0,0,42,22,51,50,0,0,0,0,0,0,0,42,40,5,22,0,0,0,0,1,1,1,42,44,42,40,0,0,0,0,0,0,0,42,48,46,44,0,0,0,0,0,0,0,42,22,50,48,0,0,0,0,0,0,0,42,44,40,22,0,0,0,0,4,4,4,42,22,48,44,0,0,0,0,0,0,0],
    "normals":[0,1,0,-0,1,0,-0,1,0,0,1,0,0,1,-0,0,1,-0],
    "vertices":[0.174348,0.107865,-0.876519,0.341998,0.107865,-0.825663,0.496506,0.107865,-0.743077,0.631932,0.107865,-0.631935,0.743074,0.107865,-0.496508,0.82566,0.107865,-0.342001,0.876516,0.107865,-0.174351,0.893688,0.107865,-1e-06,0.876516,0.107865,0.174349,0.82566,0.107865,0.341999,0.743074,0.107865,0.496507,0.631932,0.107865,0.631933,0.496505,0.107865,0.743075,0.341998,0.107865,0.825661,0.174348,0.107865,0.876517,-2e-06,0.107865,0.893689,-0.174352,0.107865,0.876517,-0.342002,0.107865,0.825661,-0.496509,0.107865,0.743075,-0.631936,0.107865,0.631933,-0.743078,0.107865,0.496506,-0.825663,0.107865,0.341999,-0.876519,0.107865,0.174349,-0.893691,0.107865,-1e-06,-0.876519,0.107865,-0.174351,-0.825663,0.107865,-0.342001,-0.743077,0.107865,-0.496508,-0.631935,0.107865,-0.631935,-0.496509,0.107865,-0.743076,-0.342002,0.107865,-0.825662,-0.174352,0.107865,-0.876518,-2e-06,0.107865,-0.89369,0.258173,0.107865,-0.851091,0.419252,0.107865,-0.78437,0.564219,0.107865,-0.687506,0.687503,0.107865,-0.564222,0.784367,0.107865,-0.419255,0.851088,0.107865,-0.258176,0.885102,0.107865,-0.087176,0.885102,0.107865,0.087174,0.851088,0.107865,0.258174,0.784367,0.107865,0.419253,0.687503,0.107865,0.56422,0.564219,0.107865,0.687504,0.419252,0.107865,0.784368,0.258173,0.107865,0.851089,0.087173,0.107865,0.885103,-0.087177,0.107865,0.885103,-0.258177,0.107865,0.851089,-0.419256,0.107865,0.784368,-0.564223,0.107865,0.687504,-0.687507,0.107865,0.56422,-0.78437,0.107865,0.419253,-0.851092,0.107865,0.258174,-0.885105,0.107865,0.087174,-0.885105,0.107865,-0.087176,-0.851091,0.107865,-0.258176,-0.78437,0.107865,-0.419255,-0.687506,0.107865,-0.564221,-0.564222,0.107865,-0.687506,-0.419255,0.107865,-0.784369,-0.258177,0.107865,-0.85109,-0.087177,0.107865,-0.885104,0.087173,0.107865,-0.885104],
    "uvs":[[0,0]],
    "metadata":{
        "faces":62,
        "normals":6,
        "materials":1,
        "type":"Geometry",
        "version":3,
        "vertices":64,
        "uvs":1,
        "generator":"io_three"
    },
    "materials":[{
        "DbgColor":15658734,
        "transparent":false,
        "depthWrite":true,
        "wireframe":false,
        "colorSpecular":[0.5,0.5,0.5],
        "colorDiffuse":[0.64,0.64,0.64],
        "DbgIndex":0,
        "opacity":1,
        "depthTest":true,
        "colorEmissive":[0,0,0],
        "shading":"phong",
        "specularCoef":50,
        "visible":true,
        "doubleSided":false,
        "blending":"NormalBlending",
        "DbgName":"Material.001"
    }]
}