{
    "uvs":[],
    "faces":[34,4,0,2,0,0,0,0,34,2,3,1,0,1,1,1,34,1,5,4,0,2,2,2,34,2,1,4,0,3,3,3,34,7,6,10,0,4,4,4,34,10,11,8,0,5,5,5,34,8,9,7,0,6,6,6,34,10,8,7,0,7,7,7,35,1,8,11,5,0,8,8,8,8,35,2,7,9,3,0,9,9,9,9,35,0,6,7,2,0,10,10,10,10,35,5,11,10,4,0,11,11,11,11,35,3,9,8,1,0,12,12,12,12,35,6,0,4,10,0,13,13,13,13,34,16,12,14,0,14,14,14,34,14,15,13,0,15,15,15,34,13,17,16,0,16,16,16,34,14,13,16,0,17,17,17,34,19,18,22,0,18,18,18,34,22,23,20,0,19,19,19,34,20,21,19,0,20,20,20,34,22,20,19,0,21,21,21,35,13,20,23,17,0,22,22,22,22,35,14,19,21,15,0,23,23,23,23,35,12,18,19,14,0,24,24,24,24,35,17,23,22,16,0,25,25,25,25,35,15,21,20,13,0,26,26,26,26,35,16,22,18,12,0,27,27,27,27,34,28,24,26,0,28,28,28,34,26,27,25,0,29,29,29,34,25,29,28,0,30,30,30,34,26,25,28,0,31,31,31,34,31,30,34,0,32,32,32,34,34,35,32,0,33,33,33,34,32,33,31,0,34,34,34,34,34,32,31,0,35,35,35,35,25,32,35,29,0,36,36,36,36,35,26,31,33,27,0,37,37,37,37,35,24,30,31,26,0,38,38,38,38,35,29,35,34,28,0,39,39,39,39,35,27,33,32,25,0,40,40,40,40,35,28,34,30,24,0,41,41,41,41,34,40,36,38,0,42,42,42,34,38,39,37,0,43,43,43,34,37,41,40,0,44,44,44,34,38,37,40,0,45,45,45,34,43,42,46,0,46,46,46,34,46,47,44,0,47,47,47,34,44,45,43,0,48,48,48,34,46,44,43,0,49,49,49,35,37,44,47,41,0,50,50,50,50,35,38,43,45,39,0,51,51,51,51,35,36,42,43,38,0,52,52,52,52,35,41,47,46,40,0,53,53,53,53,35,39,45,44,37,0,54,54,54,54,35,40,46,42,36,0,55,55,55,55,34,52,48,50,0,56,56,56,34,50,51,49,0,57,57,57,34,49,53,52,0,58,58,58,34,50,49,52,0,59,59,59,34,55,54,58,0,60,60,60,34,58,59,56,0,61,61,61,34,56,57,55,0,62,62,62,34,58,56,55,0,63,63,63,35,49,56,59,53,0,64,64,64,64,35,50,55,57,51,0,65,65,65,65,35,48,54,55,50,0,66,66,66,66,35,53,59,58,52,0,67,67,67,67,35,51,57,56,49,0,68,68,68,68,35,52,58,54,48,0,69,69,69,69,34,64,60,62,0,70,70,70,34,62,63,61,0,71,71,71,34,61,65,64,0,72,72,72,34,62,61,64,0,73,73,73,34,67,66,70,0,74,74,74,34,70,71,68,0,75,75,75,34,68,69,67,0,76,76,76,34,70,68,67,0,77,77,77,35,61,68,71,65,0,78,78,78,78,35,62,67,69,63,0,79,79,79,79,35,60,66,67,62,0,80,80,80,80,35,65,71,70,64,0,81,81,81,81,35,63,69,68,61,0,82,82,82,82,35,64,70,66,60,0,83,83,83,83],
    "normals":[-0.816439,-0.577432,2e-06,-0.81644,-0.57743,3e-06,-0.81644,-0.57743,2e-06,-0.81644,-0.57743,2e-06,0.816441,0.577429,-2e-06,0.81644,0.57743,-2e-06,0.81644,0.57743,0,0.81644,0.57743,-2e-06,0.408331,-0.577352,0.707058,-2e-06,-1e-06,-1,-0.408334,0.577351,-0.707057,-3e-06,-2e-06,1,0.40833,-0.577354,-0.707056,-0.408331,0.577352,0.707058,-0.408218,0.577429,-0.70706,-0.40822,0.577431,-0.707057,-0.408221,0.577428,-0.707059,-0.408221,0.577429,-0.707058,0.40822,-0.577429,0.707059,0.408221,-0.577429,0.707059,0.408221,-0.577428,0.707059,0.408221,-0.577429,0.707059,-0.408271,0.577262,0.707166,-0.288717,-0.816437,-0.500073,0.408276,-0.577268,-0.707158,0.288713,0.816444,0.500065,-0.816555,-0.577267,0,0.816551,0.577273,-2e-06,0.81644,0.57743,0,0.81644,0.57743,-0,0.816439,0.577432,-0,0.81644,0.57743,-0,-0.816439,-0.577431,2e-06,-0.816441,-0.577429,0,-0.81644,-0.57743,0,-0.816439,-0.577431,0,0.408276,-0.577271,0.707156,-0.57743,0.81644,0,-0.408277,0.577269,-0.707157,0.577427,-0.816442,-1e-06,-0.408272,0.577273,0.707157,0.408281,-0.577268,-0.707155,0.408219,-0.577429,-0.707059,0.408222,-0.577431,-0.707056,0.408223,-0.57743,-0.707056,0.408219,-0.57743,-0.707058,-0.408221,0.577432,0.707056,-0.408221,0.57743,0.707057,-0.408221,0.57743,0.707057,-0.408222,0.57743,0.707057,0.816499,0.577347,-0.000103,-0.866021,-7e-06,-0.500007,-0.816496,-0.577351,0.0001,0.866027,-3e-06,0.499997,-0.408164,0.577355,-0.707152,0.408168,-0.577354,0.70715,-0.40822,0.57743,0.707058,-0.40822,0.577429,0.707058,-0.408219,0.577432,0.707057,-0.40822,0.57743,0.707058,0.408221,-0.57743,-0.707058,0.40822,-0.577429,-0.707058,0.408219,-0.577431,-0.707058,0.40822,-0.577429,-0.707058,0.816554,0.577269,-1e-06,-0.288716,-0.816438,0.500072,-0.816554,-0.577269,-2e-06,0.288714,0.81644,-0.500069,0.408276,-0.577268,0.707157,-0.40828,0.577271,-0.707153,0.408447,-0.577269,0.707058,0.408447,-0.57727,0.707058,0.408444,-0.57727,0.707059,0.408446,-0.57727,0.707058,-0.408446,0.577269,-0.707059,-0.408446,0.57727,-0.707058,-0.408447,0.57727,-0.707057,-0.408446,0.57727,-0.707058,-0.408275,0.577271,0.707156,0.865985,0.000227,-0.500071,0.408274,-0.577272,-0.707156,-0.865984,-0.000228,0.500071,0.816328,0.577589,4e-06,-0.816327,-0.57759,2e-06],
    "metadata":{
        "type":"Geometry",
        "uvs":0,
        "normals":84,
        "vertices":72,
        "generator":"io_three",
        "faces":84,
        "version":3,
        "materials":0
    },
    "materials":[],
    "vertices":[-0.004401,28.6051,-4e-06,17.9161,3.26698,1e-06,0.399742,28.0337,-0.700004,17.5119,3.83841,-0.700003,0.399746,28.0337,0.699993,17.5119,3.83841,0.700001,0.158889,28.7206,-6e-06,0.56303,28.1492,-0.700003,18.0794,3.38247,1e-06,17.6752,3.9539,-0.700005,0.563033,28.1492,0.699993,17.6752,3.9539,0.700002,17.9194,3.26724,0.000155,-8.95759,3.26724,15.5176,17.1112,2.69574,5.7e-05,-8.55356,2.69573,14.8176,17.5154,3.83875,0.70015,-8.14936,3.83874,15.5177,18.001,3.15176,0.141565,17.1928,2.58025,0.141468,-8.87595,3.15175,15.659,-8.47191,2.58024,14.959,17.597,3.72327,0.841562,-8.06771,3.72326,15.6591,-8.95585,3.26795,-15.5174,-8.95583,3.26794,15.5174,-9.36005,3.83946,-14.8175,-9.36004,3.83945,14.8175,-8.55165,2.69644,-14.8175,-8.55163,2.69643,14.8175,-9.11914,3.15246,-15.5174,-9.52334,3.72397,-14.8175,-9.11912,3.15246,15.5174,-9.52332,3.72397,14.8175,-8.71494,2.58095,-14.8175,-8.71492,2.58095,14.8175,-8.96102,3.26768,15.5187,-0.000791,28.6058,-0.000924,-9.36516,3.83911,14.8187,-0.809081,28.0344,-0.000925,-8.15273,3.83911,15.5187,0.403354,28.0344,0.699078,-9.04266,3.38317,15.6601,-9.4468,3.95459,14.9601,-0.082433,28.7213,0.140492,-0.89073,28.1498,0.140488,-8.23437,3.9546,15.6601,0.321711,28.1499,0.84049,-8.9576,3.26724,-15.5176,17.9194,3.26725,-0.000182,-8.55357,2.69574,-14.8176,17.1112,2.69574,-8.6e-05,-8.14937,3.83875,-15.5177,17.5154,3.83876,-0.700185,-8.87595,3.15176,-15.659,-8.47192,2.58025,-14.959,18.001,3.15176,-0.141594,17.1928,2.58025,-0.141495,-8.06772,3.72327,-15.6591,17.597,3.72327,-0.841594,-8.95709,3.26653,-15.5176,-0.003051,28.6081,-0.000175,-8.14897,3.83819,-15.5177,0.401209,28.0368,-0.700178,-9.36134,3.83787,-14.8176,-0.811175,28.0365,-7.7e-05,-9.03878,3.38198,-15.659,-8.23066,3.95364,-15.6591,-0.08474,28.7236,-0.141586,0.31952,28.1523,-0.841589,-9.44303,3.95333,-14.959,-0.892864,28.1519,-0.141489]
}