{
    "normals":[-0.707156,-0.000138,-0.707058,-0.707156,-0.000138,-0.707058,-0.707156,-0.000138,-0.707058,-0.707156,-0.000138,-0.707057,0.707156,0.000139,0.707057,0.707156,0.000138,0.707058,0.707156,0.000138,0.707058,0.707156,0.000138,0.707057,-0.707059,-0.000138,0.707154,0.500073,-0.707058,-0.499996,0.707058,0.000141,-0.707156,-0.500071,0.707057,0.499999,9.6e-05,-1,9.9e-05,-9.4e-05,1,-9.4e-05,0.707156,0.000138,0.707058,0.707156,0.000139,0.707057,0.707156,0.000138,0.707058,0.707155,0.000138,0.707058,-0.707156,-0.000137,-0.707058,-0.707155,-0.000137,-0.707059,-0.707155,-0.000138,-0.707058,-0.707155,-0.000138,-0.707058,-0.707061,-1e-06,0.707152,0.49986,0.707156,-0.500071,0.707055,-2e-06,-0.707158,-0.49986,-0.707156,0.500071,-0.000195,1,6e-06,0.000195,-1,0,-0.706961,-0.000139,0.707252,-0.706959,-0.00014,0.707254,-0.70696,-0.000138,0.707253,-0.706961,-0.000138,0.707253,0.706961,0.000139,-0.707252,0.706961,0.000137,-0.707253,0.70696,0.000138,-0.707253,0.706961,0.000138,-0.707253,-0.000197,1,-1e-06,0.500272,-0.706961,0.499934,0.000188,-1,1e-05,-0.500278,0.706959,-0.499931,0.707252,0.000283,0.706961,-0.70725,-0.000278,-0.706964,3e-06,-1,-0,0,-1,3e-06,0,-1,0,0,-1,-0,-3e-06,1,-0,-0,1,-0,-0,1,0,-0,1,-0,0.707155,2e-06,0.707059,-0,-2e-06,-1,-0.707158,3e-06,-0.707056,-0,2e-06,1,0.707157,2e-06,-0.707057,-0.707156,-7e-06,0.707057,0.707156,0.000138,-0.707058,0.707156,0.000139,-0.707057,0.707155,0.000138,-0.707058,0.707156,0.000138,-0.707058,-0.707155,-0.000139,0.707058,-0.707155,-0.000138,0.707058,-0.707156,-0.000139,0.707057,-0.707156,-0.000138,0.707058,-0.000193,1,-4e-06,-0.499861,-0.707155,-0.50007,0.000197,-1,2e-06,0.499861,0.707155,0.50007,-0.707059,1e-06,-0.707154,0.707058,-0,0.707156,-0,1,0,0,1,-0,-0,1,-0,0,1,-0,-0,-1,0,0,-1,0,-0,-1,0,0,-1,0,0.707058,0,0.707156,-1,0,-0,-0.707056,0,-0.707157,1,0,-0,-0.707056,0,0.707157,0.707058,0,-0.707156],
    "metadata":{
        "normals":84,
        "materials":0,
        "generator":"io_three",
        "faces":84,
        "uvs":0,
        "vertices":72,
        "type":"Geometry",
        "version":3
    },
    "uvs":[],
    "materials":[],
    "vertices":[15.5119,25.6478,-0.004937,-0.001266,3.70133,15.5146,15.5121,24.6579,-0.004939,0.698641,3.70133,14.8146,14.812,25.6478,0.695061,-0.001459,4.69121,15.5146,15.6533,25.6478,0.136473,15.6535,24.658,0.136473,0.140165,3.70136,15.6561,0.840072,3.70135,14.9561,14.9534,25.6478,0.836472,0.139972,4.69124,15.6561,0.000988,3.69981,-15.5158,-15.5186,25.6433,0.001604,0.000893,4.68968,-15.5159,-14.8187,25.6434,-0.6984,-0.698914,3.69967,-14.8158,-15.5185,24.6534,0.0017,-0.140444,3.69978,-15.6572,-0.140538,4.68965,-15.6573,-15.66,25.6432,-0.139807,-14.9601,25.6434,-0.839811,-0.840345,3.69964,-14.9573,-15.6599,24.6533,-0.139712,-0.000441,3.69937,-15.517,15.5148,25.6489,-0.003859,0.699654,3.69951,-14.8172,15.5151,24.659,-0.003759,-0.000732,4.68925,-15.5171,14.8147,25.6488,-0.703664,0.140951,3.6994,-15.6584,0.841043,3.69954,-14.9586,15.6562,25.6489,-0.145311,15.6565,24.6591,-0.145208,0.140659,4.68928,-15.6585,14.9561,25.6488,-0.845117,-15.5209,25.6461,-0.002268,15.5139,25.6461,-0.002268,-14.821,25.6461,-0.702267,14.814,25.6461,-0.702272,-14.821,25.6461,0.697731,14.814,25.6461,0.697732,-15.5209,25.8461,-0.002267,-14.821,25.8461,-0.702268,15.5139,25.8461,-0.002268,14.814,25.8461,-0.702272,-14.821,25.8461,0.69773,14.814,25.8461,0.697732,-0.000175,3.70024,15.5176,-15.5198,25.6437,0.000161,-0.700075,3.7001,14.8176,-15.5197,24.6538,6.3e-05,-0.000271,4.69011,15.5177,-14.8199,25.6438,0.700162,-0.141605,3.70021,15.659,-0.841507,3.70007,14.959,-15.6612,25.6437,0.141573,-15.6611,24.6538,0.141475,-0.141703,4.69008,15.6591,-14.9613,25.6438,0.841574,0,3.7,-15.5174,0,3.7,15.5174,-0.699999,3.7,-14.8175,-0.700004,3.7,14.8175,0.699998,3.7,-14.8175,0.700001,3.7,14.8175,0,3.5,-15.5174,-0.699999,3.5,-14.8175,0,3.5,15.5174,-0.700004,3.5,14.8175,0.699998,3.5,-14.8175,0.700001,3.5,14.8175],
    "faces":[34,4,0,2,0,0,0,0,34,2,3,1,0,1,1,1,34,1,5,4,0,2,2,2,34,2,1,4,0,3,3,3,34,7,6,10,0,4,4,4,34,10,11,8,0,5,5,5,34,8,9,7,0,6,6,6,34,10,8,7,0,7,7,7,35,1,8,11,5,0,8,8,8,8,35,2,7,9,3,0,9,9,9,9,35,0,6,7,2,0,10,10,10,10,35,5,11,10,4,0,11,11,11,11,35,3,9,8,1,0,12,12,12,12,35,6,0,4,10,0,13,13,13,13,34,16,12,14,0,14,14,14,34,14,15,13,0,15,15,15,34,13,17,16,0,16,16,16,34,14,13,16,0,17,17,17,34,19,18,22,0,18,18,18,34,22,23,20,0,19,19,19,34,20,21,19,0,20,20,20,34,22,20,19,0,21,21,21,35,13,20,23,17,0,22,22,22,22,35,14,19,21,15,0,23,23,23,23,35,12,18,19,14,0,24,24,24,24,35,17,23,22,16,0,25,25,25,25,35,15,21,20,13,0,26,26,26,26,35,16,22,18,12,0,27,27,27,27,34,28,24,26,0,28,28,28,34,26,27,25,0,29,29,29,34,25,29,28,0,30,30,30,34,26,25,28,0,31,31,31,34,31,30,34,0,32,32,32,34,34,35,32,0,33,33,33,34,32,33,31,0,34,34,34,34,34,32,31,0,35,35,35,35,25,32,35,29,0,36,36,36,36,35,26,31,33,27,0,37,37,37,37,35,24,30,31,26,0,38,38,38,38,35,29,35,34,28,0,39,39,39,39,35,27,33,32,25,0,40,40,40,40,35,28,34,30,24,0,41,41,41,41,34,40,36,38,0,42,42,42,34,38,39,37,0,43,43,43,34,37,41,40,0,44,44,44,34,38,37,40,0,45,45,45,34,43,42,46,0,46,46,46,34,46,47,44,0,47,47,47,34,44,45,43,0,48,48,48,34,46,44,43,0,49,49,49,35,37,44,47,41,0,50,50,50,50,35,38,43,45,39,0,51,51,51,51,35,36,42,43,38,0,52,52,52,52,35,41,47,46,40,0,53,53,53,53,35,39,45,44,37,0,54,54,54,54,35,40,46,42,36,0,55,55,55,55,34,52,48,50,0,56,56,56,34,50,51,49,0,57,57,57,34,49,53,52,0,58,58,58,34,50,49,52,0,59,59,59,34,55,54,58,0,60,60,60,34,58,59,56,0,61,61,61,34,56,57,55,0,62,62,62,34,58,56,55,0,63,63,63,35,49,56,59,53,0,64,64,64,64,35,50,55,57,51,0,65,65,65,65,35,48,54,55,50,0,66,66,66,66,35,53,59,58,52,0,67,67,67,67,35,51,57,56,49,0,68,68,68,68,35,52,58,54,48,0,69,69,69,69,34,64,60,62,0,70,70,70,34,62,63,61,0,71,71,71,34,61,65,64,0,72,72,72,34,62,61,64,0,73,73,73,34,67,66,70,0,74,74,74,34,70,71,68,0,75,75,75,34,68,69,67,0,76,76,76,34,70,68,67,0,77,77,77,35,61,68,71,65,0,78,78,78,78,35,62,67,69,63,0,79,79,79,79,35,60,66,67,62,0,80,80,80,80,35,65,71,70,64,0,81,81,81,81,35,63,69,68,61,0,82,82,82,82,35,64,70,66,60,0,83,83,83,83]
}