{
    "uvs":[],
    "materials":[],
    "metadata":{
        "generator":"io_three",
        "faces":98,
        "vertices":100,
        "uvs":0,
        "materials":0,
        "version":3,
        "type":"Geometry",
        "normals":94
    },
    "normals":[0,-0,1,0,-0.951057,0.309017,0,-0.587784,-0.809018,0,0.587786,-0.809017,0,0.951056,0.309017,0,-0,1,0,-0.951057,0.309016,0,-0.587785,-0.809017,0,0.587785,-0.809017,0,0.951057,0.309017,0,-1e-06,1,0,-0.951056,0.309017,0,-0.587785,-0.809017,0,0.587786,-0.809017,0,0.951056,0.309018,0,-2e-06,1,0,-0.951057,0.309016,0,-0.587785,-0.809017,-0.975547,-0.219792,-5e-06,-0.975547,-0.067917,-0.209035,-0.975547,0.177812,-0.129194,-0.975547,0.177816,0.129189,-0.975547,-0.06792,0.209034,-0.975547,-0.219792,-7e-06,-0.975547,-0.067918,-0.209034,-0.975547,0.177815,-0.129191,-0.975547,0.177816,0.129189,-0.975547,-0.06792,0.209034,-0.975547,-0.219791,0,-0.975547,-0.067919,-0.209035,-0.975547,0.177815,-0.129191,-0.975547,0.177816,0.129189,-0.975547,-0.06792,0.209034,-0.975547,-0.219791,-5e-06,-0.975547,-0.067916,-0.209036,0,0,-1,0,0.951057,-0.309017,0,0.587785,0.809017,0,-0.587786,0.809017,0,-0.951057,-0.309017,0,0,-1,0,0.951057,-0.309017,0,0.587785,0.809018,0,-0.587785,0.809017,0,-0.951056,-0.309017,0,1e-06,-1,0,0.951057,-0.309017,0,0.587785,0.809017,0,-0.587786,0.809017,0,-0.951056,-0.309018,0,2e-06,-1,0,0.951057,-0.309016,0,0.587785,0.809017,0.975547,0.219792,4e-06,0.975547,0.067917,0.209035,0.975547,-0.177812,0.129194,0.975547,-0.177816,-0.129189,0.975547,0.06792,-0.209034,0.975547,0.219792,7e-06,0.975547,0.067918,0.209034,0.975547,-0.177815,0.129191,0.975547,-0.177816,-0.129189,0.975547,0.06792,-0.209034,0.975547,0.219791,0,0.975547,0.067919,0.209034,0.975547,-0.177815,0.129191,0.975547,-0.177816,-0.129189,0.975547,0.06792,-0.209034,0.975547,0.219791,4e-06,0.975547,0.067916,0.209035,0,0.369643,0.929174,1,0,0,0.958659,-0.284557,0,0,-0.36632,-0.930489,-1,0,0,0.958659,0.284557,0,0,-0.365147,0.93095,0,0.365147,-0.93095,0.309025,0.951054,0,-0.309023,0.951055,0,0,0,-1,0,-0,1,-0.958659,-0.284557,0,-0.958659,0.284557,0,-0,-0,1,-0,0,-1,0.012925,-0.060692,0.998073,-0.928591,-0.371106,0,0.012925,-0.060691,-0.998073,0.968761,0.247997,0,-0.010464,-0.049133,-0.998737,-0.968763,0.247987,0,-0.010464,-0.049133,0.998737,0.928595,-0.371096,0],
    "faces":[35,2,0,4,6,0,0,0,0,0,35,6,4,8,10,0,1,1,1,1,35,10,8,12,14,0,2,2,2,2,35,14,12,16,18,0,3,3,3,3,35,18,16,20,22,0,4,4,4,4,35,22,20,24,26,0,5,5,5,5,35,26,24,28,30,0,6,6,6,6,35,30,28,32,34,0,7,7,7,7,35,34,32,36,38,0,8,8,8,8,35,38,36,40,42,0,9,9,9,9,35,42,40,44,46,0,10,10,10,10,35,46,44,48,50,0,11,11,11,11,35,50,48,52,54,0,12,12,12,12,35,54,52,56,58,0,13,13,13,13,35,58,56,60,62,0,14,14,14,14,35,62,60,64,66,0,15,15,15,15,35,66,64,68,70,0,16,16,16,16,35,70,68,72,74,0,17,17,17,17,35,0,1,5,4,0,18,18,18,18,35,4,5,9,8,0,19,19,19,19,35,8,9,13,12,0,20,20,20,20,35,12,13,17,16,0,21,21,21,21,35,16,17,21,20,0,22,22,22,22,35,20,21,25,24,0,23,23,23,23,35,24,25,29,28,0,24,24,24,24,35,28,29,33,32,0,25,25,25,25,35,32,33,37,36,0,26,26,26,26,35,36,37,41,40,0,27,27,27,27,35,40,41,45,44,0,28,28,28,28,35,44,45,49,48,0,29,29,29,29,35,48,49,53,52,0,30,30,30,30,35,52,53,57,56,0,31,31,31,31,35,56,57,61,60,0,32,32,32,32,35,60,61,65,64,0,33,33,33,33,35,64,65,69,68,0,34,34,34,34,35,68,69,73,72,0,20,20,20,20,35,1,3,7,5,0,35,35,35,35,35,5,7,11,9,0,36,36,36,36,35,9,11,15,13,0,37,37,37,37,35,13,15,19,17,0,38,38,38,38,35,17,19,23,21,0,39,39,39,39,35,21,23,27,25,0,40,40,40,40,35,25,27,31,29,0,41,41,41,41,35,29,31,35,33,0,42,42,42,42,35,33,35,39,37,0,43,43,43,43,35,37,39,43,41,0,44,44,44,44,35,41,43,47,45,0,45,45,45,45,35,45,47,51,49,0,46,46,46,46,35,49,51,55,53,0,47,47,47,47,35,53,55,59,57,0,48,48,48,48,35,57,59,63,61,0,49,49,49,49,35,61,63,67,65,0,50,50,50,50,35,65,67,71,69,0,51,51,51,51,35,69,71,75,73,0,52,52,52,52,35,3,2,6,7,0,53,53,53,53,35,7,6,10,11,0,54,54,54,54,35,11,10,14,15,0,55,55,55,55,35,15,14,18,19,0,56,56,56,56,35,19,18,22,23,0,57,57,57,57,35,23,22,26,27,0,58,58,58,58,35,27,26,30,31,0,59,59,59,59,35,31,30,34,35,0,60,60,60,60,35,35,34,38,39,0,61,61,61,61,35,39,38,42,43,0,62,62,62,62,35,43,42,46,47,0,63,63,63,63,35,47,46,50,51,0,64,64,64,64,35,51,50,54,55,0,65,65,65,65,35,55,54,58,59,0,66,66,66,66,35,59,58,62,63,0,67,67,67,67,35,63,62,66,67,0,68,68,68,68,35,67,66,70,71,0,69,69,69,69,35,71,70,74,75,0,55,55,55,55,35,0,2,76,77,0,70,70,70,70,35,75,74,80,83,0,71,71,71,71,35,97,96,87,84,0,72,72,72,72,35,2,3,79,76,0,71,71,71,71,35,3,1,78,79,0,73,73,73,73,35,1,0,77,78,0,74,74,74,74,35,93,92,88,91,0,75,75,75,75,35,73,75,83,82,0,76,76,76,76,35,72,73,82,81,0,74,74,74,74,35,74,72,81,80,0,77,77,77,77,35,84,87,86,85,0,78,78,78,78,35,88,89,90,91,0,79,79,79,79,35,92,94,89,88,0,80,80,80,80,35,98,97,84,85,0,81,81,81,81,35,94,95,90,89,0,82,82,82,82,35,99,98,85,86,0,83,83,83,83,35,95,93,91,90,0,84,84,84,84,35,96,99,86,87,0,85,85,85,85,35,82,83,93,95,0,86,86,86,86,35,81,82,95,94,0,87,87,87,87,35,80,81,94,92,0,88,88,88,88,35,83,80,92,93,0,89,89,89,89,35,79,78,99,96,0,90,90,90,90,35,78,77,98,99,0,91,91,91,91,35,77,76,97,98,0,92,92,92,92,35,76,79,96,97,0,93,93,93,93],
    "vertices":[-1.91065,2.44111,0.642173,-1.91065,2.42446,0.619258,-1.88233,2.44111,0.642173,-1.88233,2.42446,0.619258,-1.69993,1.48918,0.642173,-1.69993,1.50583,0.619257,-1.67161,1.48918,0.642173,-1.67161,1.50583,0.619257,-1.48921,1.19501,-0.263173,-1.48921,1.22195,-0.25442,-1.46088,1.19501,-0.263173,-1.46088,1.22195,-0.25442,-1.27849,1.96514,-0.822707,-1.27849,1.96514,-0.794381,-1.25016,1.96514,-0.822707,-1.25016,1.96514,-0.794381,-1.06777,2.73528,-0.263172,-1.06777,2.70834,-0.254419,-1.03944,2.73528,-0.263172,-1.03944,2.70834,-0.254419,-0.857047,2.44111,0.642173,-0.857047,2.42446,0.619257,-0.828721,2.44111,0.642173,-0.828721,2.42446,0.619257,-0.646326,1.48918,0.642173,-0.646326,1.50583,0.619257,-0.618,1.48918,0.642173,-0.618,1.50583,0.619257,-0.435605,1.19501,-0.263173,-0.435605,1.22195,-0.25442,-0.407279,1.19501,-0.263173,-0.407279,1.22195,-0.25442,-0.224884,1.96514,-0.822707,-0.224884,1.96514,-0.794381,-0.196558,1.96514,-0.822707,-0.196558,1.96514,-0.794381,-0.014163,2.73528,-0.263172,-0.014163,2.70834,-0.254419,0.014163,2.73528,-0.263172,0.014163,2.70834,-0.254419,0.196558,2.44111,0.642173,0.196558,2.42446,0.619258,0.224884,2.44111,0.642173,0.224884,2.42446,0.619258,0.407279,1.48918,0.642173,0.407279,1.50582,0.619257,0.435605,1.48918,0.642173,0.435605,1.50582,0.619257,0.618,1.19501,-0.263172,0.618,1.22195,-0.254419,0.646326,1.19501,-0.263172,0.646326,1.22195,-0.254419,0.828722,1.96514,-0.822707,0.828722,1.96514,-0.794381,0.857047,1.96514,-0.822707,0.857047,1.96514,-0.794381,1.03944,2.73528,-0.263172,1.03944,2.70834,-0.254419,1.06777,2.73528,-0.263172,1.06777,2.70834,-0.254419,1.25016,2.44111,0.642174,1.25016,2.42446,0.619258,1.27849,2.44111,0.642174,1.27849,2.42446,0.619258,1.46088,1.48917,0.642172,1.46088,1.50582,0.619256,1.48921,1.48917,0.642172,1.48921,1.50582,0.619256,1.67161,1.19501,-0.263173,1.67161,1.22195,-0.25442,1.69993,1.19501,-0.263173,1.69993,1.22195,-0.25442,1.88233,1.96514,-0.822707,1.88233,1.96514,-0.794381,1.91065,1.96514,-0.822707,1.91065,1.96514,-0.794381,-1.88233,4.02655,0.011457,-1.91065,4.02655,0.011457,-1.91065,4.02655,-0.011459,-1.88233,4.02655,-0.011459,1.91065,4.02655,-0.014164,1.88233,4.02655,-0.014164,1.88233,4.02655,0.014162,1.91065,4.02655,0.014162,-0.74188,7.79624,0.022916,-0.795758,7.81374,0.022916,-0.795758,7.81374,-0.022916,-0.74188,7.79624,-0.022916,0.79576,7.81374,-0.028325,0.741881,7.79624,-0.028325,0.741881,7.79624,0.028326,0.79576,7.81374,0.028326,1.85265,4.25313,-0.028326,1.85265,4.25313,0.028325,1.79877,4.23563,-0.028326,1.79877,4.23563,0.028325,-1.79877,4.23563,-0.022917,-1.79877,4.23563,0.022915,-1.85265,4.25313,0.022915,-1.85265,4.25313,-0.022917]
}